{
    "train_losses": [
        3.268284465468769,
        0.11091208420385966,
        0.09163150360177787,
        0.08531088423058517,
        0.08185802023984054,
        0.07962811335952283,
        0.0779348913350471,
        0.07667580115742893,
        0.07581468947098002,
        0.07483116217989166
    ],
    "val_losses": [
        0.22127425280630644,
        0.14605785821191794,
        0.11405064840909487,
        0.10888256131156987,
        0.10021642963894958,
        0.10367459984070042,
        0.10200819344216716,
        0.0955912101401137,
        0.10389284143679466,
        0.09566308220270738
    ],
    "test_loss": 0.09331415122999859,
    "best_val_loss": 0.0955912101401137,
    "epochs_trained": 10,
    "metrics": {
        "ssim_mean": 0.7158946633291086,
        "ssim_std": 0.15143360250116933,
        "psnr_mean": 27.726965600431004,
        "psnr_std": 4.180759387038719
    },
    "config": {
        "batch_size": 4,
        "learning_rate": 0.0001,
        "early_stopping_patience": 5,
        "augmentation": true,
        "architecture": "DeepCNN ResNet-style",
        "base_features": 64,
        "num_blocks": [
            2,
            2,
            2,
            2
        ]
    },
    "timestamp": "2025-11-18T11:04:46.276433"
}