{
    "train_losses": [
        3.268284465468769,
        0.11091208420385966,
        0.09163150360177787,
        0.08531088423058517,
        0.08185802023984054,
        0.07962811335952283,
        0.0779348913350471,
        0.07667580115742893,
        0.07561798162983267,
        0.07472940257943812,
        0.07399183600150773,
        0.0732636578828957,
        0.07266461211754487,
        0.07222732440117603,
        0.07169346524434819,
        0.0712773977283394,
        0.07095284039863553,
        0.07056372682289952,
        0.0702282930984567
    ],
    "val_losses": [
        0.22127425280630644,
        0.14605785821191794,
        0.11405064840909487,
        0.10888256131156987,
        0.10021642963894958,
        0.10367459984070042,
        0.10200819344216716,
        0.0955912101401137,
        0.09718394795220457,
        0.10800805179190003,
        0.09893075293649968,
        0.09113389936798258,
        0.0931425312489447,
        0.09098921479580381,
        0.09176742373359931,
        0.08902930401847373,
        0.08821807200368408,
        0.09245126515491589,
        0.09581769413110337
    ],
    "test_loss": 0.08595953356809587,
    "best_val_loss": 0.08821807200368408,
    "epochs_trained": 19,
    "metrics": {
        "ssim_mean": 0.7098257035858335,
        "ssim_std": 0.12912393073878475,
        "psnr_mean": 23.610922329775004,
        "psnr_std": 4.114177861749983
    },
    "config": {
        "batch_size": 4,
        "learning_rate": 0.0001,
        "early_stopping_patience": 5,
        "augmentation": false,
        "architecture": "DeepCNN ResNet-style",
        "base_features": 64,
        "num_blocks": [
            2,
            2,
            2,
            2
        ]
    },
    "timestamp": "2025-11-25T10:47:42.504748"
}