{
  "epoch": [
    1,
    2,
    3,
    4,
    5,
    6,
    7,
    8,
    9,
    10,
    11,
    12,
    13,
    14,
    15,
    16,
    17,
    18,
    19,
    20
  ],
  "train_loss": [
    0.13118391570374283,
    0.12479245491727105,
    0.12322665932882423,
    0.12008586236602452,
    0.12057354872776553,
    0.12025473187246923,
    0.11710352565966092,
    0.11806311051716989,
    0.11687542891415686,
    0.11888688465335802,
    0.11656519998022434,
    0.11847660515756099,
    0.11862568299084092,
    0.11822908270667061,
    0.1138173857844263,
    0.11704362639923606,
    0.11562460261424516,
    0.11751590453121827,
    0.11764583293344422,
    0.11723001241144405
  ],
  "val_loss": [
    0.2440845799701475,
    0.23895095283202006,
    0.23602640756961907,
    0.23488827116812877,
    0.23332180496847654,
    0.2319332600306073,
    0.23126487584263594,
    0.23209773507853984,
    0.23045660427215492,
    0.2298037326602379,
    0.2294241158821982,
    0.22920981581556762,
    0.23112993171795373,
    0.2286335827585556,
    0.22848841065910433,
    0.2284978057510251,
    0.22785639718003764,
    0.22773065108277346,
    0.2274670414730689,
    0.22748735668273565
  ]
}