{
  "epoch": [
    1,
    2,
    3,
    4,
    5,
    6,
    7,
    8,
    9,
    10,
    11,
    12,
    13,
    14,
    15,
    16,
    17,
    18,
    19,
    20
  ],
  "train_loss": [
    0.0981282566915764,
    0.09526409771445131,
    0.09547688851343894,
    0.09665633518901459,
    0.09616613183266277,
    0.09468863390476298,
    0.09401408440865841,
    0.09606830095789766,
    0.09549416141491443,
    0.09490052812837443,
    0.09443812516457256,
    0.09456982320379595,
    0.09386433040197018,
    0.09451788672055553,
    0.09354250959462909,
    0.09305840604111512,
    0.09406686705437807,
    0.09379773889696642,
    0.09289802463494734,
    0.09190030998244106
  ],
  "val_loss": [
    0.22541574672100448,
    0.22326402314347313,
    0.22261261133183902,
    0.2221879672278754,
    0.2213544182592725,
    0.22052221431361338,
    0.2200145229618581,
    0.219657917823602,
    0.22037897847225044,
    0.21932946646557724,
    0.21939909763493104,
    0.21865950243993415,
    0.21847358771600697,
    0.21818586420620573,
    0.21787578529987375,
    0.21782728065081688,
    0.2181286708385594,
    0.21796695868612187,
    0.2176513980538606,
    0.2174174644837132
  ]
}