{
  "epoch": [
    1,
    2,
    3,
    4,
    5,
    6,
    7,
    8,
    9,
    10,
    11,
    12,
    13,
    14,
    15,
    16,
    17,
    18,
    19,
    20,
    21,
    22,
    23,
    24,
    25,
    26,
    27,
    28,
    29,
    30,
    31,
    32,
    33,
    34,
    35,
    36,
    37,
    38,
    39,
    40
  ],
  "train_loss": [
    0.0981282566915764,
    0.09526409771445131,
    0.09547688851343894,
    0.09665633518901459,
    0.09616613183266277,
    0.09468863390476298,
    0.09401408440865841,
    0.09606830095789766,
    0.09549416141491443,
    0.09490052812837443,
    0.09443812516457256,
    0.09456982320379595,
    0.09386433040197018,
    0.09451788672055553,
    0.09354250959462909,
    0.09305840604111512,
    0.09406686705437807,
    0.09379773889696642,
    0.09289802463494734,
    0.09190030998244106,
    0.09341042931545693,
    0.09300235529930255,
    0.09239494681064553,
    0.09474379572545619,
    0.09282261197191014,
    0.09249378624680285,
    0.09414099301055072,
    0.0932563164362663,
    0.09459136173208717,
    0.09529211019632138,
    0.09204177534600447,
    0.09295254737132483,
    0.09164996805076189,
    0.09478119805178437,
    0.09327132975222749,
    0.09304885741294112,
    0.0917084279154893,
    0.09144205899064431,
    0.09228656096275895,
    0.09179676982263327
  ],
  "val_loss": [
    0.22541574672100448,
    0.22326402314347313,
    0.22261261133183902,
    0.2221879672278754,
    0.2213544182592725,
    0.22052221431361338,
    0.2200145229618581,
    0.219657917823602,
    0.22037897847225044,
    0.21932946646557724,
    0.21939909763493104,
    0.21865950243993415,
    0.21847358771600697,
    0.21818586420620573,
    0.21787578529987375,
    0.21782728065081688,
    0.2181286708385594,
    0.21796695868612187,
    0.2176513980538606,
    0.2174174644837132,
    0.21741296387503362,
    0.2171868054402685,
    0.21721161044243514,
    0.21747955062288707,
    0.21698953851580952,
    0.21719783699519885,
    0.21691128043923383,
    0.2169351051661288,
    0.21722288835459486,
    0.21666644537200916,
    0.21664396001940298,
    0.21666929405211513,
    0.21699445761996966,
    0.21669076820294778,
    0.21665485310595214,
    0.2164150439630714,
    0.21987539049595345,
    0.2165319530518297,
    0.2165827900448855,
    0.21642900444972002
  ]
}