{
  "epoch": [
    21,
    22,
    23,
    24,
    25,
    26,
    27,
    28,
    29,
    30,
    31,
    32,
    33,
    34,
    35,
    36,
    37,
    38,
    39,
    40
  ],
  "train_loss": [
    0.11674978962308849,
    0.1174343983103139,
    0.11637472529334766,
    0.1144372222339115,
    0.11522342597179565,
    0.11589772098846095,
    0.11429009811586406,
    0.11512756934218313,
    0.11469876661594812,
    0.11533455661078153,
    0.11516370353150236,
    0.11490997042075861,
    0.11472205854965208,
    0.11509857208244378,
    0.11617196657853496,
    0.11491593503527764,
    0.11670358149898787,
    0.11613373260172913,
    0.11502163201236017,
    0.11418719319715774
  ],
  "val_loss": [
    0.22737749007428443,
    0.22705411434044048,
    0.22679042620471604,
    0.23017432051891498,
    0.22658672497180707,
    0.22631521498017043,
    0.22633189470436366,
    0.22704129216649524,
    0.22628731102223204,
    0.22613937251133343,
    0.2260708394710487,
    0.22575033620087784,
    0.2256360719086257,
    0.22665972135167653,
    0.22566327094587618,
    0.2252616551732173,
    0.22521382388454977,
    0.22519069506640169,
    0.22513063986158563,
    0.22567020837322815
  ]
}