{
    "train_losses": [
        0.07983018832611988,
        0.06795811796629757,
        0.06488835067382802,
        0.06309324400162232,
        0.06185137149029926,
        0.06087727158920955,
        0.06013396279253452,
        0.05950976258125328,
        0.05895813933322359,
        0.05844728343054584
    ],
    "val_losses": [
        0.08781838120280004,
        0.08334053073328829,
        0.08323776310121363,
        0.08476177198088533,
        0.07918265848693118,
        0.07950688567659023,
        0.07909730947752143,
        0.08216697656977653,
        0.08027196407030086,
        0.07671026616320974
    ],
    "test_loss": 0.07460613435712794,
    "best_val_loss": 0.07671026616320974,
    "epochs_trained": 10,
    "config": {
        "batch_size": 2,
        "learning_rate": 0.0001,
        "early_stopping_patience": 5,
        "augmentation": true,
        "init_features": 64
    },
    "timestamp": "2025-11-17T10:02:05.592640"
}