{
    "train_losses": {
        "g": [
            0.10890661194803086,
            0.09673712415775353,
            0.09325408655563852,
            0.09137015791582458,
            0.09003304298996691,
            0.08897493183712742,
            0.08812921540197369,
            0.0874622458200238,
            0.08684929653708963,
            0.08633006694293585,
            0.08583463535587171,
            0.08543400123572253,
            0.08509672831818792,
            0.08467854493272096,
            0.08439329659356355,
            0.08405165406395351,
            0.08380617989381436,
            0.08350363853870044,
            0.08327263593745075,
            0.0830278406129192
        ],
        "d": [
            0.07725424225598564,
            0.03499072035079499,
            0.029552748540511663,
            0.024323487184423117,
            0.02296870092186746,
            0.02172024364745012,
            0.01960960769120583,
            0.018500175257843633,
            0.016972092646929695,
            0.015933889791152935,
            0.015362566730041658,
            0.015219521678914796,
            0.012501189532778949,
            0.013342864447973833,
            0.013443731980609882,
            0.012886647591063215,
            0.012195708193363353,
            0.011632022490610272,
            0.010330523235640383,
            0.010554463924105896
        ],
        "l1": [
            0.08079484774771321,
            0.06916229207541964,
            0.06593272007220409,
            0.06414550721479778,
            0.0629085457369761,
            0.06193408921233626,
            0.06114146678118012,
            0.060519716720804806,
            0.05993385960397043,
            0.059453627808577526,
            0.058994764470473825,
            0.05863173153894552,
            0.05828317766038003,
            0.057920985478534456,
            0.0576527846318577,
            0.05733551469871244,
            0.05710666328371901,
            0.056816405433841484,
            0.0565874606218093,
            0.05637020650217034
        ],
        "perc": [
            0.1884402590531833,
            0.1795965851469054,
            0.17672424280941665,
            0.1751668410472267,
            0.1740284090365863,
            0.17311540021297478,
            0.1723596123221264,
            0.17175248252542236,
            0.171282579442607,
            0.17079979203067602,
            0.1703738543463984,
            0.16997665107026724,
            0.16973552922036392,
            0.16930723117959212,
            0.1691289343218399,
            0.16884200319560513,
            0.16857863810123225,
            0.16837009077329826,
            0.1682070146666397,
            0.16796274147562756
        ],
        "adv": [
            0.9267738139044331,
            0.9615173345070682,
            0.9648941954317718,
            0.9707966336260814,
            0.9721656097507203,
            0.9729302325803847,
            0.9751787094113574,
            0.9767280546997444,
            0.9787178726001765,
            0.9796459659134716,
            0.9802485134558897,
            0.9804604390274051,
            0.9839997469628068,
            0.9826836109783657,
            0.9827618281722199,
            0.983193877719939,
            0.9841652533915041,
            0.9850223803928302,
            0.9864473556989459,
            0.9861359695058074
        ]
    },
    "val_losses": {
        "g_loss": 0.09762804546514604,
        "d_loss": 0.6638445890641886,
        "l1_loss": 0.073673472612751,
        "perc_loss": 0.1763824807911954,
        "adv_loss": 0.6316324658587792
    },
    "test_loss": 0.07154803320437694,
    "best_val_loss": 0.09762804546514604,
    "epochs_trained": 20,
    "metrics": {
        "ssim_mean": 0.7599659123487306,
        "ssim_std": 0.14022070382663895,
        "psnr_mean": 28.573010327044265,
        "psnr_std": 4.379473336881149
    },
    "config": {
        "batch_size": 4,
        "learning_rate_g": 0.0002,
        "learning_rate_d": 0.0002,
        "early_stopping_patience": 5,
        "augmentation": true,
        "generator": "UNet with skip connections",
        "discriminator": "PatchGAN",
        "gan_type": "Least Squares GAN (LSGAN)",
        "loss_weights": {
            "lambda_l1": 1.0,
            "lambda_perceptual": 0.1,
            "lambda_adversarial": 0.01
        }
    },
    "timestamp": "2025-11-22T18:43:15.649701"
}